user-id, lexeme_id, review time (in days)
u:grpA, 2b97dce464f0a69324ffd2955a7eff1f, 
u:iJnK, 0e9f09196d4abc6a5ae82dd6d8772c95, 
u:gOYJ, 49be13e31443271f28a234ace28cb91c, 1.756102415850535
u:hQPg, 64abda7edc42c9774a57d91720ad0f4e, 2.8780667393770183
u:iUy0, 990c89aba5f77297866df927cafc1a1d, 1.1097711229598721
u:h0i-, b345a1955c1d133f1ec77c943aff6009, 7.8101130663818905
u:iL6L, ab5609e6c607e5642664fed06ffa0713, 1.1225179927147166
u:ixW2, bc4cfc44f8c83e308f291d83b95a5771, 1.7360609889968737
u:hHa_, 58dc623cb7357e51b20768411843bde1, 2.8851268748782823
u:i6Lr, ba0a3f9e43bfc46291ffe54c4ff1aa99, 1.69726568325298
u:iyFH, 0146e7216d02bba1a08e6a23e4e744a9, 1.9820407351699152
u:hIuR, 1bacf218eaaf9f944e525f7be9b31899, 2.334242631701724
u:iQID, a52bc2771bde31d4d5e80bd29f350714, 2.4024059481650215
u:hUrb, d6284db28e478d575d8cc24ab1652feb, 4.908884904493333
u:ik7v, 65e39bd07057893f74d8db10b367f7aa, 5.526846879843788
u:iP5d, bfa2713c4f93d7341626fd88601d008b, 6.034859671294717
u:hu1J, d3619a3e50c3b522703d66166855d3bf, 6.3352473359788295
u:iE8X, 0ed4e535d399f10f462b2f1e51b97d3f, 2.3407850325328283
u:gSxn, 88128dcea3ea4913d99b389a6be9f2c2, 3.743103534765454
u:ii8w, 55f383178cf0fdc463ef1ebf91bd288d, 2.417173091623812
u:eC0W, 842bf8157c0a8dad3262d43a13c8f089, 4.052424047039804
u:fAOt, 31816c32dd8fdedbaa18851d825f5482, 4.998762050332055
u:ixEm, e742bc8240d2a9d1e44a1f5d52684239, 1.5721895275011941
u:iX9j, 1bacf218eaaf9f944e525f7be9b31899, 1.8237073608730745
u:iNp9, baa2d2366f5bb5b8e0ea7571c4af710b, 
u:eW8R, ad1ce3b238b7286adba60b1da4041594, 
u:i-TH, a96439c6627d7b2447435b1a5f32eade, 3.8357625808077342
u:iHwc, b788f6341ae71b9e2b8132609644b175, 0.6564973457526059
u:iRRS, e23a75193507ed70051a82f39fb7abf1, 5.407476770419886
u:idfe, 61c2f4dd9c024c9d99910ba2b04590b1, 1.447144202799969
u:gg4J, 14bcb8f93e4a16b09fcc2a4f90072b22, 2.860369886094066
u:ipwH, 768f410a8fc1caa64ee36071082a231c, 
u:goP0, 3629ee563c2d56a4869e100a38014108, 4.704846827220854
u:h0y-, 142ad0f32d08728de0f9955df5b83f32, 3.8202168178892126
u:bxW0, d42adb3343d855fa2a1e94295a90c6dd, 6.609608822809539
u:i6hL, 5b714a6b291731d4b753c6372cde357a, 6.624584053841496
u:eO5R, 2b02940d1611b62e715e325c2ff4bad5, 4.613562937322621
u:fcAR, 94256143c28ad9010ded87d4ce69a9bd, 5.945424854961255
u:hgDb, 2627b8b437f653e9d83ecca78276326e, 7.361979646217953
u:iK4s, faa6fd18132b358958e440322ee82b4b, 4.108901119704389
u:hAy2, 636b31a6256d1f7dadfd08eac27090d2, 3.9262189534717105
u:hXeZ, 9e1f56b08922d1d9f7ab663b58d88367, 0.867739746576021
u:i4_B, c52ab45d4e22ee7580041911159e3c0c, 8.449616892596065
u:ie-f, 1f4bb36e5aa8231dc04d772d8f4dc839, 2.3904336473644374
u:gsvR, 4f5b0cd71bfa77c08eb61bb64522c8b4, 7.508740964602192
u:-fk, 56d40fb7b9c3644375aad62b1c725f2c, 1.2330299954882633
u:i5xp, e0aa39569dc04dde716999653ed53a0e, 3.352905863399711
u:emc8, d27abb5cd2b7d25b51efe43da533b5a6, 4.913499563326135
u:doPg, 335fe9380e553c323369a8509bcc00f6, 2.1124678193481583
u:fQ5J, cc996312cd47e305f8b9058d3afc958c, 6.256305646880427
u:f5LD, a5acd980d17d726d1c99e7b974d3f52d, 5.638638722707071
u:imGC, 099dfb07f4ace185b82838c1fb5781ff, 4.073156920386131
u:gX7g, 058bbe59ae8750949ec25588ef89fa7f, 1.997034894845504
u:hJl9, 61a7dbfa4d7f9539fca3b141feb55957, 6.025767675935431
u:hNmL, 65e5296142d056fd1403e95fb027f107, 3.7797499672434096
u:hVZ8, 51fb73a04c05d6b9cc036aafd897a0ec, 2.2332381181167755
u:XNQ, 5f1915e50d225aab53dde5e128e5bfb6, 5.182726565896525
u:ixnW, d3655c4c158db4993a9ae4f199d95c5e, 5.523237822610527
u:hY_v, 97e922f780d628eac638bea7a02bf496, 4.44757821583385
u:fJtQ, bb7ca1ff45b2ac26c875c4e764b48935, 1.4998819549694553
u:fTrW, b1d3c09c2fbf94a1bfa279ea186b9a12, 2.1940644733912578
u:cAUR, 8b6401409f89715543edb1e0c707c162, 3.7381042154429514
u:h0ZV, 2ab9354ca457363cf576534b0193c2a0, 3.550420002617649
u:i5F1, 547bb1812414cec172b0afef5ca93fce, 2.71933891973644
u:ic8C, 3c63da7f7a370e92def18891252d8efe, 3.1433249619726173
u:hyiH, 2ca57053774396953fc2c5d4bdaa2205, 6.896933556815436
u:iWBT, 9443f902cdcf9f4da3b5f58d3f657efe, 2.4230190283003488
u:iuFX, b8b55f8044c9109cc9c06da459568e7c, 3.33877711123449
u:ikhn, 2142fe44da374d16f41e73c393d23c79, 3.2592614382877625
u:hYdO, 1f4bb36e5aa8231dc04d772d8f4dc839, 2.821276274617933
u:iVTU, 142ad0f32d08728de0f9955df5b83f32, 4.383698742246082
u:eEKc, f0018f1d6164d3c67265ca716588f7cb, 0.8831179429038424
u:iwo2, e7664931db39d9be2d8f6ecd2c0e004e, 4.361758591143423
u:iHYt, fe1bb609fdb6337a3524f43bad7c7468, 3.2440434874663344
u:hYKH, b493941dee612f9cb734318c210ab257, 7.401666127623883
u:ha4d, e83432c98b3619a933438e9300467491, 3.957121731508824
u:gOYJ, b7a3752c84bc77954e67534210f28e99, 7.145997962700555
u:ihwj, 827a8ecb89f9b59ac5c29b620a5d3ed6, 
u:KY_, 0bf514fe950f664559f637bd6bf25c27, 3.775897319500124
u:gLzF, d6e1fec0bdd8524c85b360010522b7ed, 1.4870087447511218
u:hUBn, d0e80d740c4f2d0653951e65952c19d1, 2.7949978901095736
u:ivAm, e3f7a4495f1d47fbca713a5a70dbd8e9, 1.2011303076818498
u:hHOQ, e5f2357532c98ffe4d56cd17b08fbb02, 0.6592943215838726
u:hbuh, 486d50260e6bed768670e38a4804e6d3, 4.5843627791361214
u:fVGG, 65f61449087b9dbb2083da5a93210fd0, 1.657791600293001
u:hMCY, 1a58b2277c3e1f719702fa8b688f702d, 3.203390101870232
u:hfhW, 9ce1fe6a87fc1751c12e1c36874f49b8, 2.8899691643635523
u:dy9Q, 768f410a8fc1caa64ee36071082a231c, 9.330942727393465
u:jbc3, 389d16a7713404bf18de999b57a54eae, 2.069329876033523
u:fSep, 61c2f4dd9c024c9d99910ba2b04590b1, 2.3482585249994465
u:l7X, e15f13f230d129ce73b482d92222ae79, 1.452825672547282
u:hsHB, a6887fac2c3601b50b3e462a45cc776e, 1.9579589387741776
u:h-7K, ab94aae2b451eece63b55c712145ad61, 3.973168939564733
u:f628, 7b2e60314cad24be935a55062cb7f65e, 3.300976619906578
u:hYvD, b3240d21fd450022647d50a64c18cace, 1.0505912669248705
u:iPEk, 92545dc760008a4cdb29e841e6121952, 0.5525381434128139
u:fqcS, 51fb73a04c05d6b9cc036aafd897a0ec, 2.5281034477343995
u:hxsj, e16c578226476ae646530b6356f9b0ad, 3.76643156868007
u:hJWQ, cd6d617c7071b0bb4b0863ab14ff6d80, 0.7133672870326067
u:h57s, 698a096a49f8a164caa5dcbfad271fd8, 6.453935589357956
u:iPvv, 2426304db5c90727ddc772ceaf7aa4d8, 1.408647431303988
u:fThd, fae183cfa6a19d79e500f55f55775e68, 5.251484218489994
u:dyE3, 88865d60bba3719fc0ef85c0c839fc64, 3.3312077077292237
u:i234, 7a271d40b9230ab5e12de433c00506fa, 1.8528382642041428
u:jb_n, 390ca9c2868c14c5616c460e4f31762c, 9.246143375845733
u:iZdI, 4394441ba69a3c608cfb446795ad2655, 1.7961021601102487
u:ivHY, 4ad91daf2782488b52b80fd4f2288c51, 3.8704073291749346
u:hwz0, 0ed4e535d399f10f462b2f1e51b97d3f, 5.1624774986681246
u:hRhT, 5553a0dd1adb8ab01dcff49a7a2190e0, 6.839148432662062
u:hDM4, 777af91e5fa39ec1ae6ce2b5570185d9, 3.8019572703489035
u:foV9, 678bfa5d0ccd050c12395a792abaff12, 2.5408345326681387
u:iVP, 89572d2ea236692120e191282b17695c, 4.9957777816696955
u:iCa8, 5cd2980e6883c8c03e38cfd7405a681b, 2.0287492442284534
u:hIOZ, 0cbf09b9f0d3767395f1b68918b95c65, 5.384182175991862
u:iMJJ, 099dfb07f4ace185b82838c1fb5781ff, 0.5554568468144611
u:giZh, 8ee8a4e20c47cc9487d0421d1997b384, 4.952430245347609
u:favy, 0146e7216d02bba1a08e6a23e4e744a9, 3.865045119268139
u:fv07, ee9aede3dfe2bb51b154ca6a975b7c37, 2.250929968958028
u:ghWi, 743c58c5dd541b6bd8466547f730466d, 4.100033544870244
u:iKFT, 4facfa4eff94ff8fe71e46ee538be561, 4.611082040817333
u:d9w2, 46341b7c7585f24c7f59ddfd73e02fa9, 6.714421880121309
u:izjc, ec3bf0aff1f9c75a64d44ac1f13289f0, 1.0752025498838758
u:i9Rf, 08dfcd4e6c86bb047be6dc84e77ed664, 4.364144055961635
u:iHUn, 65e39bd07057893f74d8db10b367f7aa, 3.3584673324036283
u:d8Bv, 572f3ff64f665273a18f47157cdf155a, 
u:ieXD, 1560febf08aabe8ae17dd64bb2838142, 4.010193132329358
u:idO8, af14b4e16acb4132ed19d8254d2bc59b, 4.818188724640702
u:exsS, 80fa96d931f22e78c4a1dd78eff7c9ed, 3.1989907957312873
u:hcMc, 97e922f780d628eac638bea7a02bf496, 3.0083091527875343
u:hlQH, fe1bb609fdb6337a3524f43bad7c7468, 5.80657543648944
u:g8yi, 5e29d77697d23070a1fb92eb6c90e9b6, 1.9260654528420524
u:hh1g, 165dc4d4b42c9d825cb913541fdd09a7, 0.34446037770879684
u:ilQC, efc2c65bd3a2ab7e0e2d4db65e290699, 5.843446217825223
u:dhgb, a617ed646a251e339738ce62b84e61ce, 3.811104958702001
u:iK7A, 25dcc7b3420a56110835a165f02513c9, 4.9244062356849145
u:hFqk, fc1b93172eef30156a0b8c388c72571c, 6.865148745232224
u:ifSz, 0cbf09b9f0d3767395f1b68918b95c65, 2.2605929716875814
u:bJje, fec119369ceb49cb5b6d72a58c3e770e, 1.8602655254774727
u:coUf, 5c1f70dd4ac671161963d4adbd17d725, 
u:g1Y4, 4cf7cc58a60045f4396136f6368d8d41, 3.6438346439166427
u:h-dX, b75adbbe28bc61ff5bbeb6908e65d85d, 1.099167217682811
u:hAls, 3924f6a9c93fd8247ba3af6cdad8df98, 3.371441907666978
u:fFed, 0a27664dca412ad3c185ae7efc8b97a0, 3.711596474814708
u:c0V7, 96ed34b4722d866997d35cc228e04d49, 2.9301832665871546
u:gpnC, a617ed646a251e339738ce62b84e61ce, 3.316757205123659
u:gmQn, 59802924354797797d645bb352dd916b, 5.619118990801537
u:hq_K, c84476c460737d9fb905dca3d35ec995, 2.62058593270281
u:dtIG, 715176b2531f23894fa17069ca039496, 1.4390674092222056
u:hBrR, f00cd5d54171096208a6a1e13ab02ab9, 3.3759996711789504
u:i6I3, 74b2ac77cf1b5c548dee1241dd3667b9, 0.9374855741207276
u:iphb, f9fb279a9bd8900d84965a3296c4f746, 2.970782218679721
u:iyov, b463895af72578dcff1d4ea2bb9eda76, 4.445160208956745
u:-b, edce7ffcd6231f9e0457c7681fc8dfed, 6.253738162662525
u:iqrR, 7c332db2f5d81f34ff8cfeaccfcc6d8a, 6.27115674052858
u:hyyK, 608ad881489ab4fa4117a91ebd83d502, 4.490544067514708
u:h061, caaea1433a04b31cbb4fd926ca77ad02, 
u:fziW, dc1e5b7d01d76c0719ee823c6b9c5b1f, 0.3880896224070399
u:ikz5, 598a41cd84310715e45b6192564592a1, 1.0145098318202614
u:iHWn, 8f1dc808b41b08007d5e66978fd78a4d, 3.1530651221347408
u:hdYR, 100164559946674138e97c1e3830ccf4, 3.7552058857745094
u:iJos, 1bb8aab6f857201d04364f1239756111, 3.724970523629187
u:iXAY, 0b1edc026029c010555cfc22f54ee25f, 6.434279699309211
u:hWbw, ab94aae2b451eece63b55c712145ad61, 2.66306760662549
u:fpnv, b941c4ff55c8affcf4aebffd45c759c0, 3.269030254038277
u:iE--, 7dd6b30fc37ca73482a4d629bd93dac0, 
u:h2yA, 17231b4c24a46d2f7eb59cbc7ea01afd, 4.373652489450487
u:hReY, e7e47c0b4857fed35b942459f2028006, 4.6250861417090325
u:ihAU, 55a185fa7ff711effa4b6d9dd2c44cf1, 6.318495893121099
u:iPS9, c9aba1059fc7d85806a21bf21745b817, 1.709526030896
u:h_nR, 0a7ad985b6b19b5cfb4723f207220a3d, 1.8096856246297728
u:iij4, ca886bc339ea78c58abea6250665ad49, 4.942944163072509
u:ii5O, f0f2727a8c1b436349fa2f07bc698945, 1.8619535654982644
u:eY8y, 6897ada43d02c03eac85f1742c156402, 4.15084091953465
u:ja3S, c52914f9db4d342553bbdc248e2c6f87, 3.4739777092023343
u:h6em, f9d3186a3a829083942aa09a75d1aae6, 1.125717057878487
u:hjbU, f423850a19d3a8b7f7c206c2a9dfa733, 2.2020866713436313
u:imwc, 46cd21495035f225d4fe8fc8552badc0, 1.7946244427797529
u:iwoI, 5aa51924d40dbbb404d78bcfd3224157, 4.126746844765025
u:cwkz, ec2421cd46a8a5886683b084aa8e2c5d, 3.0013744116080585
u:hLcP, c52914f9db4d342553bbdc248e2c6f87, 3.9933488627188005
u:i4U9, 07605081e461f8cc70d0e27a91d1ba37, 1.5810271422719189
u:iQGx, 90ac0b7f2a604a00fb4666f2bd134c8e, 5.19880007436365
u:htr5, 97e922f780d628eac638bea7a02bf496, 2.3407070188928802
u:h5nI, f0f2727a8c1b436349fa2f07bc698945, 1.9747124544073422
u:fNWu, 60131921811cc603c6020e44443a5a2e, 5.677846280170423
u:iwoc, d5efc552aaea3109eb5388aa1ec8673d, 
u:gOf3, 4379705a8d98bfe266ead99cfc4f52f8, 7.363114521640426
u:bcXm, 4f6d1c5e51311ed7f0967f8d758049e7, 1.0048208615371135
u:iZ-A, 603b7cd0d4d54eee91008645adccd258, 2.9671316745700294
u:hR_7, 3839b01a06ad91ec9815ec5ac3b18c8d, 3.636627606707175
u:ios9, f58ba94f5b6a07312e449a9987637f32, 
u:h3Fx, a617ed646a251e339738ce62b84e61ce, 8.103203747370879
u:jaaD, 4c998c157e95ac0978968b1de762afbc, 3.6681017698629956
u:iVZD, a52bc2771bde31d4d5e80bd29f350714, 4.11165372946706
u:i1Ks, 0db9e3b501108f13924dfacff858f7f2, 
u:dn3u, ab94aae2b451eece63b55c712145ad61, 4.78263982835893
u:i55Q, c3c416ec9a16d9ec6f7b96236c5b49e2, 2.5359655708843367
u:i2g2, 547bb1812414cec172b0afef5ca93fce, 2.7010319932216547
u:dF6z, 93bce7507d07faa46b1fbc9671ca32b6, 2.0406810627775367
u:dxwi, e296b8e7737593b36ec7583275c790fe, 3.1914209302536034
u:ipr5, d94aa893b5c536f2a4664637d9bec191, 1.3227363277623683
u:e4Dx, a631b8e67d1dbf4c94cc73644ddf2a56, 3.530631277589797
u:gPY3, 1db792cce1abf1095ae81b27666cb996, 0.710963694297397
u:TRj, 8c8952fbf398f996438f9fd5a27f9d38, 8.466261186252636
u:ixkU, af9481e863fdda9560e1d5020b9cd9a0, 0.8093360962339425
u:gQjj, 91bd999e79fc6416be92695d01ed1c13, 0.7981520946302672
u:iE--, c3c416ec9a16d9ec6f7b96236c5b49e2, 
u:djyz, 8ebdad2c57855e0e650745d06d9ed7bf, 4.023739360108476
u:gHva, f04ae4d92d378e4436b0667d771e28ea, 3.5036725970401683
u:jaV_, d3619a3e50c3b522703d66166855d3bf, 4.454651191083958
u:hPai, 08b5bfeef548a7f46065768ba926e325, 0.29416562606533464
u:g5z, 69cf4ad372fd80e76dc9deb52b092d3f, 1.8363476975583994
u:iv2v, fe72c841a54b9112e60870182236e00e, 5.728772788108676
u:gD3g, 4e2d55b6054492c18e7c6090bf577d6d, 1.243690463502738
u:bJxm, 943ed849b37dd6f8a773ef29456e4211, 4.869682293220531
u:bBVC, 4578d28172004742ef5c674639f58588, 1.5002093656568727
u:r1m, c9fb923e49d5cba24b5afb9ee1cff2a9, 6.91920135644497
u:BLI, 955c040cc84408f9e687f99d4778b03b, 0.8881466996171774
u:if3l, 142ad0f32d08728de0f9955df5b83f32, 6.574164745450155
u:iw_D, 54ed4cf41cbbae2ce97ddda174b5be84, 3.23701094114091
u:h0bJ, bc132fa899e138377a3d89eb3125a2f1, 2.0303260384507644
u:e4aA, 297853cd5696e6152fccd24fefdd6c66, 4.280535076207024
u:en9-, 7070ddd564fccd8da0362941b8a647b8, 5.566395466395499
u:iL5t, f3996a785b8d9fe04c44850c79a0a337, 1.8014697934625095
u:irAa, 7a4e0c5345547c6e790a33b66ed3b820, 0.9175081098682465
u:iIKc, 65675f993b9cdc38918837f561a70625, 9.996812676657902
u:iaUm, 7f79fc712e91f1e703bb5f805ab74e8a, 1.667528019057721
u:hXd8, dd56956e9585f9534d2fe8fe2a7e3ebf, 2.387940826795693
u:eAtE, c43c45c53082813dbdfa63971432f29c, 1.7954290742699377
u:in7L, d2d78ae80ee5cb844a0bfd9ea1bb4a81, 3.7085176635457664
u:h4HZ, f21d1bce33d8064e4aaabd6b28f5c1fa, 2.303471919262484
u:cZG6, 827a8ecb89f9b59ac5c29b620a5d3ed6, 
u:h2J4, 087d9d0736df444d7ef826a313b613da, 5.219148480069823
u:ik0d, 0d7ce5a7bec9bfe876a8042abe8a2f7d, 2.5291747546107772
u:iR7G, 6debf33c91876b19aa26095423ad0e3e, 2.0396101917062808
u:Poi, bd3599b1b4cc5623de51eba09bad546e, 2.3263337774354524
u:i2q1, 928787744a962cd4ec55c1b22cedc913, 
u:ilpQ, 6aff2ce97fb9554500fc1a7a28e02a13, 1.923397434621519
u:iF4i, 605a1c36da2cf22706eaad95b0b7eeee, 4.302437778910305
u:hMyD, d50ab9ef5ef30559a83e80b8568d2933, 4.899824724385679
u:hNk0, 50629ad6c891b5b3f258b2fdb0e3cf82, 1.037437528884172
u:is2V, b838f789252678299b0413df4b3d0ad9, 3.89565832016016
u:gllL, 1e1f8d730c4ba99ad2873a7608324cf6, 6.827640377382515
u:EPf, 7ae9420152203b89a2fcffa91546647b, 4.449209971414772
u:hqHw, 420b35b7670f247d452ae0a628e60b45, 2.112199566833915
u:flTW, 8bd6d060bb604e17c936418f835d87c8, 
u:iAV4, 62a992ac2a5f346b5796b3f14732130e, 2.538479894381714
u:iLGp, b1a71481e27138dc37501f2cbde775fc, 1.5652135834505463
u:iMhB, e35dd18fb95a8b59046eec582942fa64, 2.068552421552555
u:hMmC, af88719c719b5cd59fe4272f9ab38966, 6.0302739310845155
u:h8df, fe794f0c148aaa470c272ffd0a9bdc1a, 9.176404420931501
u:ifyN, 577853bea646e596a8bd041fb781718a, 
u:je5T, b1b2b2203009f082a1cf172e42fa65a3, 2.396941994155604
u:iTtL, d0705eafec00822b93bf9cc9a9189bba, 4.771423172504289
u:bsHa, 7dfd7086f3671685e2cf1c1da72796d7, 5.859806647829194
u:hoLl, 1ef8584238711d338df3a962b045cec7, 5.723678784495126
u:gws, b35477755771250571cbda7c38221628, 5.0928145045836635
u:fUR6, dbed1e3aaf8703ccdf83c1afd2abdd37, 7.154110833363608
u:gxXY, dfc953d62306359e46f8fe77fe4fa6c8, 6.034981215093628
u:h1_w, 6cce0be3f8da3755e423bfcae7cfefc1, 2.25663277817076
u:bXkA, a58c618617e9d8a574e44ea5f24f738d, 1.7267780533419537
u:gq0f, 9de5d8b1e1c934f0eb4a43e22c916143, 7.153803582634984
u:hpVZ, 192059cfe22cedd84cd400a9b1b47171, 0.6777042459240963
u:fPvN, b011cfb5fe75c6c239cac9a4d9c3949f, 4.292731603076541
u:dfsa, 2179fd8c281cec0879b28ef81510bf9d, 3.4782173470995943
u:iO-t, 0cbf09b9f0d3767395f1b68918b95c65, 7.3292058121788575
u:ipYp, 2b28e6b398b36d4f7f6ef0b7da31fd5c, 3.8682075249273944
u:hYzr, bde4e8d34615f749c75fefdbd0226881, 1.7754002051297872
u:jdKK, ddab585bb4af1b7e2636827363cd619e, 2.32981219697275
u:inuJ, c032182c0ffb744c963ec83c937a26f4, 2.9985313826980184
u:iwEa, d0e80d740c4f2d0653951e65952c19d1, 2.2235227044265895
u:hlEw, efc6cd9e60a5a997c906ecad64813b1d, 1.0443461355274644
u:hutF, 5b5e596558196de3e4fc1796ee5d47a6, 2.35863870095371
u:M5X, 5fbb4578c6e08d3122b2321720d682d7, 4.404059201209487
u:d4OR, 4adf5cd40d521b02a9cc241bf3adc6bb, 2.658735463233828
u:g9YP, a11a7c418b1f2afd941e7d00ec52a461, 3.6559657479443857
u:imgr, cf27a39ca3fcc861581ba158307d9b1a, 4.501223510855042
u:d26t, 678bfa5d0ccd050c12395a792abaff12, 3.353460727057767
u:ikja, a6d1be753de87a9ad446c29d4dc217b5, 2.434334168848158
u:gHCc, 577853bea646e596a8bd041fb781718a, 9.325525494082939
u:iGfD, ef40e640cc9599341392b66d6b890c27, 0.4826330800586983
u:ie4s, 8e2f03617a85d97f126dfb2293e7a368, 1.1957942987508914
u:hBWF, eee8ec127c1ba6f4751097e40977b587, 4.779202973439307
u:gX82, 97e922f780d628eac638bea7a02bf496, 8.994568603500655
u:iTdT, a52bc2771bde31d4d5e80bd29f350714, 3.129021574788961
u:do2K, 9dbabaec86b4bd526c19d768ec0caf38, 8.36325744508125
u:h8iN, 7763a12338d58f83841580561e4c1ca2, 9.874600056859826
u:f_h6, b573a2ebb834b1346202143003738756, 1.0560671250842426
u:gTol, 4310561cd354b6cad1569d35856823f0, 
u:hZ6a, b85dad780881cd3228297b78258a96bf, 1.576920935323729
u:hqQQ, 476c6bf35d806e777f36041baf01df38, 7.851182253292336
u:eEgg, 958e352cb64f78feed5afb5b95657dbe, 4.8886464747059755
u:bW2J, 9cbe4ff448a888bb327e212e6bb89b72, 2.981931229506233
u:e27y, f3dab7cfcca078d46049e95802ea97fe, 0.5511852451519207
u:hIYf, 7f15cb95be8b837c7bf1808406ae133a, 3.0915456534665045
u:iV5c, 1a48463fb06455fe377001d22ca36364, 2.733097688687888
u:hN9-, 86584daef5933b284384453795bbf0ed, 1.499129193600784
u:hR6G, fea199274abbc1c7354996f16f1525d5, 2.1403211515179463
u:fqZT, f857a8c1b24263f0b007ae82c24c008d, 3.2636930654864695
u:ibU0, a6d0c2d14b1f6261741d7840542f7022, 2.3587646882948627
u:U6, 44208615c9076b387d27b5d510bb0a49, 4.695920271298516
u:gZZ_, 426041c35bef83b731e0fc51b8a551d1, 3.7454842345099837
u:gVb1, 48caa96ec840ecefdc2eaa911c58dbf2, 3.606624209446097
u:icWk, e1a4b73ededc4032627e418a3bb86cd0, 5.511516534169546
u:cen-, 3b6ad8feb25703b12d6049d11640d0e0, 3.748451527106813
u:hJ1Z, 35f14d06d95a34607d6abb0e52fc6d2b, 5.306319138156506
u:gi1l, 0466f54d69e71d498a406cfd76dd2902, 4.746773112981724
u:eZrm, 8511209b77493e62188ed5a4c8bf8421, 2.5131173372403937
u:iYpP, e5a09ea1bd469575ed000382d5cee176, 5.491370170763739
u:fAOt, 08ab17a23929f09a268153ddbf9827c0, 4.5844472401679495
u:fB_6, fea199274abbc1c7354996f16f1525d5, 2.217235895712681
u:hPO9, 1a913f2ded424985b9c02d0436008511, 1.9421211636942433
u:h9rr, a9d9e40ec966f6bf6a78080d8d1947ac, 1.8621522386326943
u:Vil, e9c1c486bb1cc26e726b83a7a522983b, 1.615430112547083
u:is4p, 3c83f19c090c27193c34f5d06a899c4a, 5.431152448276302
u:enRY, e37ea218d78b3decc66348683deed8f6, 2.680793326305997
u:iZUL, 3ac396fd4e13c7952bafa99fcfd02d29, 4.680014722211844
u:gYT8, 5c2c879342c029c7be610695abb15bd5, 0.5701550120795937
u:bZvV, f00cd5d54171096208a6a1e13ab02ab9, 1.148509810289491
u:dijU, 0ba76e542975db89c0290ba705f4fe9d, 5.00527972896475
u:izg8, a96439c6627d7b2447435b1a5f32eade, 1.7940839879650514
u:g-8o, c5a5d664ac5b4440b3da8613095dd840, 6.826373504196009
u:iZvN, 26f6b357718b150404303812a222e348, 4.074263321329925
u:gdP8, d05af64f9110a30ebb4eb77afc07649d, 3.6158692708599234
u:iXj6, 460df3319771193f63a3f4bb5a5eeef6, 
u:i_ah, f68f2010558742b836f8a364a4382d3f, 1.4346577433469012
u:ihAF, cff2d760888774c8011ed92d80ae3312, 5.960117274829359
u:2R-, 00b9a8a85efcc967dedf57d9ac0082fa, 
u:bWwF, a456b06f9066277fb26d5babfc845cd5, 4.505045865435262
u:h0Lx, 17bbece268a95c1fbf901788c16f43bf, 1.3513420437266737
u:iGbU, 6c95fbf9992315caf14ca36de8fc06d1, 
u:iyWG, 524fef1786d366bf49813def1458a181, 3.236795785055139
u:hniu, e0aa39569dc04dde716999653ed53a0e, 0.7303909089791601
u:gCQF, 6d67c94cb5df94bae1d8f5f101db72a7, 
u:ht-T, f5bc4621130722269115f852924eb136, 0.9439261843297451
u:iiUo, 70273bd4e2ae4fe0a1807d462acf8edc, 1.7638925091092528
u:f8vx, 00e6945d22634ee47e05c727a4d4c183, 1.8570613740223676
u:gRBk, 01669d9689c5cf2ec04c58a893f02ab6, 
u:h5ge, 06f82513d22cdcf817378f4da4990438, 6.531433660636078
u:dmi5, 4aed34810465d9b4bd3d3d21244d7e4b, 
u:iubm, 8f1dc808b41b08007d5e66978fd78a4d, 4.090189958680883
u:ichc, d69a73469d92e724199aa03407b4d656, 3.101126667933815
u:ilU2, 8dce1427e92b20185ec503c7b93f24ff, 0.8902141375936163
u:iNue, fcf4569c3882c32dc5f9c17114cc1841, 9.225383755716532
u:f5LD, 025ab8349ba0caa729c4f12cb47fc3be, 4.727008048177007
u:hr2Y, 0f0690975c20591df0c5f7f9fdfed6d9, 4.6372561614744825
u:iLpp, f8ff4fc9fac1637c7e8abecc0d2464db, 1.9867763584058944
u:hQRb, c1caf9c9173659451013b230299ae7b3, 6.9365196820093145
u:gCnq, d241cf80b2938ee47c4bc4ebfc77930d, 
u:dlC1, 86ab0bbefc02a331649c9c23f572f729, 0.768591833517579
u:iwYT, 84e18e86c58e8e61d687dfa06b3aaa36, 2.3209405380223704
u:i4o6, caaea1433a04b31cbb4fd926ca77ad02, 5.93380872232915
u:gQnk, 61f0219c249a2552b2f476d0f72deb72, 5.446141273485052
u:hXXA, abd192827bd31c65511f1b1511c7f40a, 6.046333378963749
u:iH6V, f21a429c717dd93b9f5723f20d87ab8a, 3.8943023457472314
u:fyEd, d70617063e4c822f77fb79ed7d355b33, 5.202096106496971
u:i_mP, 827a8ecb89f9b59ac5c29b620a5d3ed6, 
u:hyaI, 2ccf96c640650a5b0d7f07028cb4d871, 5.0288399629462575
u:d9lv, 17632879145d3e2737d11a3a5053dd50, 0.26430811659704356
u:h3A3, 80765ae2a08ba6812a4ab9df607b97d2, 3.9638700438355325
u:hxnt, 0d9244f805fd55af1281a1bcb1a2cba6, 4.525053281882959
u:iYa6, 5594b03119f7beb09faeab02bda34d19, 4.642138004965482
u:bmiE, 631d297c324518ea97ac01fd2abd6e46, 6.297690012376494
u:hguV, 7954dec7e1db52c3f3ff744944b673a5, 5.8835545006741645
u:ifsb, 608ad881489ab4fa4117a91ebd83d502, 0.9935788465790746
u:iUQ, 40bcc6d93c5f80a3cb4312461d7f2914, 4.973891980385311
u:iNCe, ef1f94c0e977e97bd02772867e9110f1, 2.306619808098125
u:iGek, b968b069e4e2c04848e9f8924e34c031, 1.263828026910933
u:gzvp, fcc4527ba312832af9311118cfc7fa1e, 
u:iFWU, c3997eb2b150d2365a51e47d1c79fc21, 2.640216027900998
u:h4T2, 59c0b5acd6bc34ced372852c86fff52b, 0.7557098715280327
u:iUaV, 75e3e0a3b4ec564501a936c4514bccbc, 
u:fIn-, 930ddde2032f793642573f03dc198c9c, 2.0442608823663826
u:hlvV, 375662ec82debfdebd8215b147848cc7, 2.3796615727954946
u:gJYF, ebc831d3a05751d0fbbd3495158aa038, 
u:iQzP, 6d6841b5a0ea88d87c2a7b6eee95ab48, 
u:ibLZ, ea33cb20c4bf46c0913a66e0738b2eda, 4.634007722934781
u:dn8A, 04d4159accf9effa41f46a5d98d8b281, 2.227675171447508
u:f-Jf, cdfecc9247566d40bb964a218c54c783, 8.349474626092588
u:h66z, ce578fc45489d1d4f843ebeff64341ec, 2.4402228370395718
u:wTO, c9638fde26d91f010fed41a5438a0dca, 4.275129066790455
u:hJXI, d3619a3e50c3b522703d66166855d3bf, 1.230718449981572
u:iROt, c7f714b305e9a17ce7596cfc62b810c5, 7.895932778085491
u:gfBV, f423850a19d3a8b7f7c206c2a9dfa733, 0.8574109584889654
u:iITj, 5594b03119f7beb09faeab02bda34d19, 8.149395950048678
u:eTja, 2099dab843c707202dd04b1eb3348126, 2.546696842150367
u:dlzC, f3c7297e32f4bf16d315ea5982e950c2, 1.2596109879731732
u:f9ri, b788f6341ae71b9e2b8132609644b175, 7.886725215160057
u:iSiZ, c5a5d664ac5b4440b3da8613095dd840, 1.5201336220043535
u:iLM7, ac27565a93112c1330ca25bf8a0255aa, 4.250458557388606
u:g8RW, 8175fa18fce6929c8d75c1bd7cdd6437, 3.734653036263543
u:h2_R, a380b9d0fea5e847ca9435940feb6f21, 9.314043158840851
u:iJYb, 151bdacf1c5d3f8f5b9e60b6eca8e4db, 4.922584769668971
u:gZZJ, efc2c65bd3a2ab7e0e2d4db65e290699, 6.0263796597159205
u:iHED, b573a2ebb834b1346202143003738756, 2.5049285011403035
u:u7r, b8b55f8044c9109cc9c06da459568e7c, 7.493044952513449
u:i8aq, 46b112cd07fdcc98db8670a5d71c613d, 4.0135386647768785
u:fJgN, d7fb40fb9498b0a901f185457def18fe, 5.5958031983632655
u:hxQ2, f0dfe0a3acd6a6a42701c33e93ba29d9, 3.2267705079853917
u:iwFx, e03faef7df59e95e2d78e7baf3095ac4, 2.86730845846195
u:jhr, 0d2e5b33c5e57761872abf97ec9398e3, 1.5950616268041824
u:ffIX, a7476505f6fb5051fe12ef6630255d16, 7.109523335245024
u:hdrp, dc1e5b7d01d76c0719ee823c6b9c5b1f, 2.179643813989072
u:iPZn, 842bf8157c0a8dad3262d43a13c8f089, 3.509572498556575
u:iuXi, 1a913f2ded424985b9c02d0436008511, 5.828578464613794
u:hIL5, 8cfd5ce084c04df391813f2f983b1b01, 2.521049611456144
u:hhYh, 1c57d56adf7785f7d386c522d8f25270, 
u:gsXQ, 6fa3ec8c768011845413d4bc819d5d18, 4.478619533384318
u:iGjy, 698a096a49f8a164caa5dcbfad271fd8, 8.796066679160566
u:g9Ei, cee314fa43551daf3690bb5cdda0bf23, 1.632760422163654
u:ioCx, 5657475bcd6493a5b51d4e54330261d1, 2.769256138485045
u:iHil, 764e3dc3b4ba7256526f0b66c33d778d, 3.347648851164526
u:gSXW, b011cfb5fe75c6c239cac9a4d9c3949f, 4.888893138933821
u:iP0T, 3d69e78dafc9bb33f926626a63c580bb, 6.770370203179934
u:fswS, ddd3e6bfdbd6f6b0affc34b882c93e06, 6.726790434225601
u:henu, 8c8952fbf398f996438f9fd5a27f9d38, 8.229326453058068
u:hStr, a58c618617e9d8a574e44ea5f24f738d, 0.7409732038136101
u:swS, a52bc2771bde31d4d5e80bd29f350714, 2.765227674590514
u:gtAN, 7f2e344b7927040a85b8d0e7c009599b, 2.942087814333026
u:f6NS, b22eb87b4356af2bed8c495d149921d1, 0.736643478242034
u:fVRZ, b8b55f8044c9109cc9c06da459568e7c, 5.673462061276265
u:i45j, ef1f94c0e977e97bd02772867e9110f1, 0.948547556015974
u:du-x, f42865f53c4d50746ed9bb08fe1fdfd8, 5.57785979193693
u:idWf, 94ce583e381ddf3a295d51b9578fdfe5, 2.456162059330162
u:iIwG, efc2c65bd3a2ab7e0e2d4db65e290699, 
u:i-I2, e792a1f3fae0d9cd3aed1456b9aba01d, 
u:hILv, e03faef7df59e95e2d78e7baf3095ac4, 2.167583917456245
u:h8El, 1bae0c85b056423560ddb9623f23773f, 
u:i4XN, 86584daef5933b284384453795bbf0ed, 1.067099941907229
u:fNxB, d2c150963a4dce17cf950c928d35ad9f, 3.1819779927085774
u:iBMZ, cee314fa43551daf3690bb5cdda0bf23, 3.0821037903172086
u:iZEY, f644e2ba492883cb5808c939c51c909a, 1.3696526392120831
u:R0r, 5c95651f98dcb44a3bcddb5e8c276aac, 6.2845964943595245
u:fGYv, 1bacf218eaaf9f944e525f7be9b31899, 5.086422118558848
u:g5MC, 065dcc8f1aea8654122bef6e29c890f5, 2.786717140922168
u:hISM, 4556e51486a9c3283d4863a13b326f48, 0.5425008851129167
u:hUyl, c00649d7a795a4ad88d646ecab3cc07d, 1.2113334243576324
u:iyEn, f254244207240db11107ffbe433d1e0e, 1.1666038755781334
u:jf9f, 08dfcd4e6c86bb047be6dc84e77ed664, 5.852462560247386
u:iWbK, c89921e78c6fb1e5017bc66f3cec0aee, 
u:hX3f, 9c721e2b1d7684f800fd88c1e96aef8c, 1.7525067262893856
u:i1x_, c7f714b305e9a17ce7596cfc62b810c5, 4.7332706978911965
u:i8iE, f00cd5d54171096208a6a1e13ab02ab9, 3.3754479537888975
u:gtPk, 928787744a962cd4ec55c1b22cedc913, 
u:fRNs, 97410fd61b0182d806c67b43f7fad1ed, 3.250540667042819
u:iogd, afbd69e17e52e35da5626c49ae3ca3ec, 1.6788244097723757
u:hDJf, f0018f1d6164d3c67265ca716588f7cb, 3.4463848872036364
u:cdHq, 8eec7a2d53c083e7657ad6d2083e0ad8, 2.836809456884831
u:bEBO, 8e6df998cc5c26b86482a3040a5805e2, 3.5648985223849854
u:hDp4, 65e39bd07057893f74d8db10b367f7aa, 6.036448697881873
u:ivCB, 7872afde4b6afddaad589ab644dd8d48, 1.7227839795758961
u:eSrD, e49d619c03e1983dd66630a73ece38ea, 
u:fHAV, 179dc23eaea411d9839e3ec0ff7dfc15, 3.918486983310504
u:hhbA, a296a278d774a2987ef34a4a463cbce5, 2.583572132209908
u:iWNh, f3c7297e32f4bf16d315ea5982e950c2, 3.5984594004187658
u:ihrD, b8b55f8044c9109cc9c06da459568e7c, 3.4914708202259233
u:h0Uj, 16f2acaffe30cb9a81f422674d398df4, 2.2479713310301896
u:hl8S, a631b8e67d1dbf4c94cc73644ddf2a56, 5.168572724718157
u:haFo, 65f61449087b9dbb2083da5a93210fd0, 1.4049832044665742
u:bm7i, 0d7ce5a7bec9bfe876a8042abe8a2f7d, 5.836739107323758
u:iWtl, 2d0937077480a627a3973de2a1e4015a, 5.705902285534302
u:dyWu, 03a546003e03b545a6d419b6620b3749, 0.6621744038897267
u:ihj5, a81f7af9f3fc80526fd782001aa3614e, 2.6607193796892226
u:igvs, 9905be99f2175243f6d835f9160ac9fb, 4.189398483811649
u:jgDY, 767fce885fae7a70ef9eab520d78f1bb, 2.306355471604892
u:iHDh, 14781b6bcfcfcaaf954edc771d25d8a4, 4.557121472095161
u:gILw, 582d6a3cf7b7d7d02eeadf9f382bb202, 1.603040145995383
u:cVHO, 5962a9679dc43d7036ae241fd9f56692, 3.411997705171889
u:iTz5, 84920990d78044db53c1b012f5bf9ab5, 0.5880250056018532
u:iqxt, ba0a3f9e43bfc46291ffe54c4ff1aa99, 2.16377943152315
u:g_Jj, b43239f837356c525ca7d743d83fbf57, 2.531177139296927
u:g01a, e7aeec5cc2404402bcded5cfc39e5ed2, 1.8039218289884271
u:h2WB, d4bd7c594a6591061547ec939ffa18d1, 4.31695733881965
u:cS-T, 0d9244f805fd55af1281a1bcb1a2cba6, 5.570026998435867
u:hAOp, de64b0a3bb8cb9360e85a1a87d8c3c44, 3.182058067852187
u:h3Sm, 697673b545e387c2b01b113d062bc825, 3.8167513632939145
u:cM60, c40c892d01fbeed815dd898094254d2f, 
u:idr4, 2bf969e8c0ed26432ed5fe08e4eafaad, 3.6075677437103004
u:gJsY, 41db134d8af1c0610b0d926d8a53d01a, 4.750915658472267
u:ijKj, 603b7cd0d4d54eee91008645adccd258, 4.5705963569550585
u:hL-m, f644e2ba492883cb5808c939c51c909a, 2.868139747695426
u:z73, b23179d4d2325444422b2bfc7f0c1775, 8.662037805168001
u:hlGi, b2d23288ff0972123a68769dd30727eb, 4.142690627321897
u:gt-c, 97e922f780d628eac638bea7a02bf496, 0.956215454111534
u:iZEr, 6db9fb52d6b1c4c5be630498cdfcdc9b, 2.04965395117767
u:fE7P, 2d7715db3b4a525d703dee6e80e38c6a, 2.728808516675308
u:ihnO, df4c239e57075ba1fe396e239c068811, 
u:Zbn, f3996a785b8d9fe04c44850c79a0a337, 5.5083960988034
u:h1rY, 80765ae2a08ba6812a4ab9df607b97d2, 3.5170514662857895
u:h6Nf, d2fd07337d16c1241feef18f2dbc3b07, 1.871232239602034
u:8Ml, 688bd653bbaa40e9a5a66b2b1aa5f7a4, 3.4776409477956647
u:i5gi, 92545dc760008a4cdb29e841e6121952, 0.7556229409056445
u:iLC3, 06874871aa89e0d5e6175cfd2c1a35c1, 5.59957322242351
u:iNPS, 1bc30b0015e62fd4b43a3fb59ad0a8ed, 
u:goVA, e734350b47fef261a55688a332f94859, 2.994310066317649
u:drdU, ff340c09240b4617358d4dcb2cb46439, 2.92387549262117
u:hHvg, e16c578226476ae646530b6356f9b0ad, 4.075647615334727
u:fPTn, c5d8e931daa3b10d479f41fba0c57404, 8.169234223550347
u:i7YH, bf608564b6e7c672a96cd7d1bb1d5f3f, 
u:gApi, 733404922a439bcf40584b61a027a3f9, 4.634680654740444
u:hr8a, fbf41b4660c01cda0b83542e6c7a3754, 4.24912075932722
u:f4T-, 08dfcd4e6c86bb047be6dc84e77ed664, 1.1675825275813247
u:iKSN, 495f763ef6027e020c53431484aa5ede, 4.448475574329249
u:iOrV, b974624f112084b39586380fe4aaf32a, 8.219741889039888
u:ipYZ, 60131921811cc603c6020e44443a5a2e, 1.3192748133625352
u:iGtf, dadb5aa7b2d284331cf888f00898224f, 0.7736265036472472
u:dEh3, 5de541943c119590cd3b725f0882afeb, 0.36628247994573093
u:iyLc, b47c74e1c1cb30670320a9a09419bb61, 0.7387698465186716
u:fT-X, b1c947d2fa7094ad0565a325263ca4ae, 
u:ja0X, 7d5c9c888f97a47883c8c0065efd1cde, 2.75140455405088
u:hsP1, 808d0c8ede6981e3d9a7a87153601e38, 
u:ikoW, a617ed646a251e339738ce62b84e61ce, 4.690505337041391
u:fL9k, 7a4e0c5345547c6e790a33b66ed3b820, 3.01227614437141
u:dggy, 87c450efea56f8f35f5ca4e48906a192, 6.32179686217249
u:g40k, f371d52889e421e1444ae508be8e62ee, 2.0494319749428858
u:iaV9, d5efc552aaea3109eb5388aa1ec8673d, 
u:ib-B, aa94db3b587c7027e8505c25f6fc8ed9, 0.7173587794156977
u:h57x, dda9b889972c02fa83c00ee3bcd97f1d, 3.1203998401895943
u:ifox, f60ee6b7d89986645bdeb985d1f956cb, 3.343407516420225
u:605, 2c463db3713709064ef9df5e42f57c21, 2.641680783874226
u:gQne, 667fdc6bb6275508cd6eab426dfc4396, 4.351611104521635
u:i21h, 0d9244f805fd55af1281a1bcb1a2cba6, 2.7856840006996286
u:gESv, 0dcc4c7c9c79430b1bde693c90c8a6b6, 5.633580933695274
u:c9AB, 4f84917ec8452ad34cf76c7bc101652d, 6.948348871675926
u:gu4F, 3d648b8db8bb6b1bc16c317f592a3ca5, 4.7477878072478905
u:iOJ7, 4cf7cc58a60045f4396136f6368d8d41, 0.928011172892343
u:hdqx, 5789310b7fe0e0960b33a8d1f9e32d42, 2.050130559708745
u:gdTN, e734350b47fef261a55688a332f94859, 5.997664868505251
u:hAaW, edf5a0ef6c836c4df4f3b3de76ca63ba, 2.494700090643428
u:g30N, 70e79ed0b304a22a9b51cc3f26c36d73, 5.679763339335469
u:gm9o, 88bab26fb9946999418b19b66fec2a27, 4.1653878746987285
u:gJ_4, 1a48d99e9b9ca07c8fbc7a16e4285aef, 4.767216532007498
u:ip05, 678bfa5d0ccd050c12395a792abaff12, 4.316413696553319
u:gC3o, d08cf940a72a6e1df3a6ae6bbd9f100f, 2.235498546318306
u:gG1H, fda174b61b0ed5e2eaa6deceae37f56b, 4.878017490118401
u:gXZK, 8768541c43aa0200e5631c60f8d8a435, 
u:i9Za, 4fdaa498ad844fc4c7adf7ddac542751, 3.6918812508405154
u:g2MT, ef1f94c0e977e97bd02772867e9110f1, 3.9581917943770146
u:h3Mq, 0466f54d69e71d498a406cfd76dd2902, 1.150058918214153
u:gkKe, 444d9b791951de06bd1b5662ac8aa643, 1.6842895632821908
u:i1WQ, 1494e77424cccd4252c3865e5d635be7, 3.3376774169275043
u:gU7e, 55662831392f8c4c6b5d72edb03a5697, 3.1578217079424986
u:fSeb, 4223f27366fc70333225b9e2ec3d2a4c, 1.696120847025978
u:d8Bv, b506511c51aa39e5e4590e7a150e1f55, 4.816689283197636
u:g3KV, 3629ee563c2d56a4869e100a38014108, 2.0785200926445233
u:i6bU, 8eab218aee7c0dac90f093c855af968a, 1.0328050238890905
u:dmPq, 059792ecc7e7fd5631eb704da89edc61, 3.5891169792429443
u:eJFF, 142ad0f32d08728de0f9955df5b83f32, 0.31392160091396276
u:fSGx, 967bfdb9d5180c33cfb21dca82034e85, 3.5888549950637447
u:ixDv, c2931f12f84e49c84d224cbbdc8a504b, 3.9323470379410774
u:hFxy, 6eee7de1f58d4033e937386469f1a5ab, 5.605066260560111
u:iGfP, bf608564b6e7c672a96cd7d1bb1d5f3f, 5.242885396557547
u:MGA, f0dfe0a3acd6a6a42701c33e93ba29d9, 0.6546510639713713
u:f-Z-, d2526181b8925e173581ed17ec2974c6, 2.043428182484513
u:fLEg, 0ed4e535d399f10f462b2f1e51b97d3f, 4.022554529268291
u:hSch, 0c12f245654c58b47faf41e7c2f5963b, 5.896620215484499
u:hsU2, 08dfcd4e6c86bb047be6dc84e77ed664, 2.4785896843538193
u:iMOV, c2931f12f84e49c84d224cbbdc8a504b, 2.389812357954341
u:dtH_, 0a7ad985b6b19b5cfb4723f207220a3d, 5.928592473072753
u:hQz0, 037515befd981ed34099c6677b2831eb, 4.723466474277823
u:e4kb, c7cdabd85f63506807f8d856897a2089, 1.9525593705603381
u:h0Vq, 4452601308c9aeb4f25f01fb6710ed16, 2.9036309478495106
u:cRcY, 165dc4d4b42c9d825cb913541fdd09a7, 2.936329813022443
u:gPQI, 32366c8041c7f8da8cb1739b6d738ea2, 3.4923743752744407
u:ijb1, b838f789252678299b0413df4b3d0ad9, 8.07282341572719
u:iep5, a631b8e67d1dbf4c94cc73644ddf2a56, 1.504557422832955
u:BTM, 158491ff8c9c7e3c8d36b78533c08e32, 4.514054685278844
u:gxhe, 65e39bd07057893f74d8db10b367f7aa, 7.464605142896992
u:i2js, 3d65e220a74477fe08facff1a0d9a303, 3.912926393251833
u:iD2-, f804038329c1d0fe7a0a42c5f38b2081, 1.6676085439532853
u:iZiu, cb9b44daeb2fd896731bcdef127db8c3, 3.5819910861152526
u:is0k, 40bcbd8339eeae2ed5ee89caf5c517c5, 3.38846364208725
u:hUNI, d5ee6d52760e6e96070c5464cbf45a32, 5.9135638214248685
u:iqno, acdfa756d73b89b55e36ef3203f6d2f9, 1.9480802363027054
u:jaFy, e296b8e7737593b36ec7583275c790fe, 4.739074757058023
u:iXJa, 1bae0c85b056423560ddb9623f23773f, 
u:hoeF, 1bacf218eaaf9f944e525f7be9b31899, 0.8231634692816382
u:i1oZ, 930ddde2032f793642573f03dc198c9c, 3.1270223211335786
u:e_jg, 3d69e78dafc9bb33f926626a63c580bb, 3.747867674009548
u:i5D1, 0a7ad985b6b19b5cfb4723f207220a3d, 2.7826962928517496
u:gvwx, c032182c0ffb744c963ec83c937a26f4, 3.2242398340854597
u:iUng, f6554eb5c95f946d92b2bea7357e2980, 7.945183199551961
u:hH59, 306560d6f47275980bdfc69f8f338552, 1.2897710385181183
u:h4wK, 74b2ac77cf1b5c548dee1241dd3667b9, 4.479703268225423
u:ieD9, 0a52088d18aec8e72c64d9b94f778443, 6.035846745102029
u:gF9u, d08cf940a72a6e1df3a6ae6bbd9f100f, 3.1073762747100386
u:fVt3, a296a278d774a2987ef34a4a463cbce5, 2.517664908943128
u:ihEV, 51fb73a04c05d6b9cc036aafd897a0ec, 5.610857730974419
u:i1-1, 35a54c25a2cda8127343f6a82e6f6b7d, 4.028202822374548
u:jcVo, 1bacf218eaaf9f944e525f7be9b31899, 7.148602349762209
u:g2R-, 407daf9da97cfb4740b459d4bb1cead2, 1.4427634241146483
u:cLRN, d42adb3343d855fa2a1e94295a90c6dd, 7.977427675603776
u:fft-, 2199c2e34a246811ededdd765f1933ce, 5.749004257559986
u:iO8p, 33a7fd42f74b2d2b1110f1b0c8b6db38, 2.906465220325874
u:inp9, 31fb31a4af2ad58c03d9b62222734768, 2.9309844710765525
u:heBL, dcbb39da34ccc1a64950c405769376b6, 2.4330853663770893
u:ilrY, 099dfb07f4ace185b82838c1fb5781ff, 2.642689680909942
u:hQGZ, b1d3871dba0a2308fe90d9ca2d20de4c, 3.5234163267171636
u:idRl, c7cdabd85f63506807f8d856897a2089, 0.9340252441955624
u:gS33, ccacc503fbab964215a09975ded9052f, 2.9352833745258065
u:gfhl, 35f14d06d95a34607d6abb0e52fc6d2b, 6.472806167080907
u:hKQ_, ba88540d7ce79d5bf8353405fd321f0a, 4.839163857886822
u:fukY, f3996a785b8d9fe04c44850c79a0a337, 3.7490171910314634
u:iFBf, de9ac0fd40e72b12722faf6c89faef22, 8.167422960377824
u:iFPk, 375662ec82debfdebd8215b147848cc7, 5.663412472540166
u:iU9M, 81fe07635e2aa79cd36709cf1bdd81be, 3.762194380125043
u:iPWK, 5e56b2dcc7cdc8f6cd58854622b45643, 2.556282083431988
u:fPay, 0f74821da4122d27786204db337aa795, 0.427254526188826
u:bN6B, 710b68d3c21cf9ac44218b554a5360dd, 6.612980532483356
u:iz1r, cd6d617c7071b0bb4b0863ab14ff6d80, 2.752996414464719
u:iZtf, c52ab45d4e22ee7580041911159e3c0c, 5.265182286700915
u:cle9, 827a8ecb89f9b59ac5c29b620a5d3ed6, 
u:gEtm, 65f61449087b9dbb2083da5a93210fd0, 2.3419542234124284
u:hMYA, 58dc623cb7357e51b20768411843bde1, 2.6134207285180504
u:i1wb, 2179fd8c281cec0879b28ef81510bf9d, 3.579489867878467
u:h4Q9, 6cc49d5b8f241ff0b5f3e4278c9e80a0, 3.339934268793802
u:bLff, 68fde38df89a19739cdd431bb965ff3d, 3.3831038545524192
u:iAid, 2cfd02f553e5be68f981a8864f6f8964, 1.135781792838245
u:cifz, cb695e9d5004ede9aab7925bf0fc5de5, 0.33269148443446
u:eY8y, 45b3b756380a85c42675d5fd64a4e432, 2.606051556518771
u:eLWd, 310ffb7c85104b11d7c9c13db24759d1, 
u:cTAd, 4e6eee1689a883a483fe26c82d14e8c9, 4.8303938276215925
u:iis9, 65e39bd07057893f74d8db10b367f7aa, 4.397460464426638
u:iDRp, 547bb1812414cec172b0afef5ca93fce, 3.3271638957644574
u:hot, 4937fee957d27374da32a2c89498b1fc, 5.640483990388118
u:eCJc, 8bd6d060bb604e17c936418f835d87c8, 
u:iZSF, 94ce583e381ddf3a295d51b9578fdfe5, 
u:iG3P, 31e86107dcea77c58fdcb216163080df, 
u:ieWW, fd4fdcf2b405811203e523f09c95a6ce, 3.070521527911946
u:iJCV, 4e2d55b6054492c18e7c6090bf577d6d, 1.9757148307913557
u:igob, 7954dec7e1db52c3f3ff744944b673a5, 1.8577311287506746
u:h0as, 0cf63ffe3dda158bc3dbd55682b355ae, 5.2067391042865125
u:f-Z-, 4862a6cdadb27edb454e7f62844595eb, 7.264575707762715
u:gEAj, f371d52889e421e1444ae508be8e62ee, 2.1561031084529447
u:gLn7, 466dbe6ebf09c955f07ce13f004e56ff, 1.7498455772893555
u:gIgH, 527fae6cb0075a56ce0648ceb292bc55, 2.0317213580106217
u:i4rX, 74006bc05725c2d7fa3c04e0785513a7, 3.9681027371938056
u:gmlN, 7444d5431007be3aea7a3af966b40428, 5.219599632642614
u:h5BM, c89921e78c6fb1e5017bc66f3cec0aee, 
u:iD-X, bb8d16a1da003f3cbc62262b57496bf0, 6.494582762532285
u:iD-v, b573a2ebb834b1346202143003738756, 1.748955977869885
u:iSrT, e83432c98b3619a933438e9300467491, 3.9668265171548063
u:f2jG, 6c4b6cb8dc7b3376d0357fdea4ffa8ff, 5.327709981729892
u:iMp5, bafb877aee1957b5412d184139ae00a9, 2.6300544755266824
u:fM8u, faa6fd18132b358958e440322ee82b4b, 2.487476839341519
u:i5c9, b314eb04f77f9a6f277a4f6546d51287, 8.169597034594682
u:fai2, d94aa893b5c536f2a4664637d9bec191, 1.0057118943240935
u:cObm, 139766d14e48fe6a5e9182e27ae7aa0b, 5.881088062405382
u:fM65, c7f714b305e9a17ce7596cfc62b810c5, 1.7221333766579452
u:isYp, 653d29704b56b4a27be6b89f0a64453e, 1.796104681201249
u:hAt-, 12157a474f4722909b9a08dc004b8e2d, 1.3665286320417938
u:iPc-, 23aea42a8b66fbbca4b27c4d93ae385b, 
u:iLPP, 961323e510456613053547d6acee68aa, 1.6801511111017071
u:cn0p, 52d4c71b837df8530f66d8c243eb13fc, 4.524738723881939
u:N2m, 698a096a49f8a164caa5dcbfad271fd8, 3.9373285537303797
u:im8C, e1cb11fdf2945f82d2b10832bbc6e6dc, 3.365342136204642
u:hVc7, 7b2e60314cad24be935a55062cb7f65e, 4.931854841521723
u:i7Iy, 827a8ecb89f9b59ac5c29b620a5d3ed6, 
u:goA, 1837362ea5fab46b023c87a9c85b80f9, 4.706750825834108
u:itYg, 6b4ac7ed7cae8cd551c71d1a5b0aedc4, 2.550852463721775
u:iGed, 768f89b2bf27a38b8ae3e9ac849f5576, 2.6429758100078335
u:iQaU, 16f2acaffe30cb9a81f422674d398df4, 3.1430513185631437
u:gB-A, 668a0288e4db47a03e78c8d660e2b7ad, 3.1617934585840457
u:iDyE, b5703f031d95869a0e1145e2ac6fbc6c, 2.3789548535431555
u:i-2v, d94aa893b5c536f2a4664637d9bec191, 1.2719205309922832
u:imzO, 0bc5f4a19bfb7338b2b821e211ee2dde, 4.891680747203881
u:ja-Q, 65e39bd07057893f74d8db10b367f7aa, 5.3879193726485735
u:gd5S, cf21eeedcb9627d0d657b958b45d1e2b, 3.4307547759195023
u:dx2l, 03d7fda701ab630433755ed059a3d723, 2.3463377900338296
u:gLc5, e4a6c5abe9f3911c324195b06bebc3c1, 3.3101795830237064
u:qJD, 154c7f94dd51181786bb8b138547e1ac, 0.8288227252680697
u:jfxD, dadb5aa7b2d284331cf888f00898224f, 5.367225895545042
u:h7m-, fcc4527ba312832af9311118cfc7fa1e, 7.773558293484872
u:gkRW, 78eb0de881ebd07dc1845943bcb9b023, 8.88823883280557
u:hl6Z, 4fcb6bb8e44d7b618999721071862827, 6.214553193196837
u:g--x, e284fa5a944ba7b8793e20a26cffc281, 2.0263132842634852
u:iOi-, 653d29704b56b4a27be6b89f0a64453e, 4.062423900580821
u:hZXe, 41ba24ffb11fd09f5fc715d39cc6c1ea, 6.262738477174337
u:df_9, 92a1958cff9926895affe7af378f53fa, 2.5739927850339717
u:in3P, 74006bc05725c2d7fa3c04e0785513a7, 4.997107466016979
u:c4Ke, 2c8795e15c8b0b2a5f050de8612b2e12, 4.8315855430640084
u:kBe, bc4cfc44f8c83e308f291d83b95a5771, 2.360766075209161
u:iq1p, 59d202d136b23e429499a13e70067cc0, 2.5828159208248156
u:iM6x, 377699e4304a7c075e5a30cc1630d293, 3.4516467221849085
u:i38O, 5594b03119f7beb09faeab02bda34d19, 6.526576844440066
u:ist0, 59d202d136b23e429499a13e70067cc0, 3.503430195048596
u:gkHE, 5553a0dd1adb8ab01dcff49a7a2190e0, 4.071513163937692
u:iP3U, 733404922a439bcf40584b61a027a3f9, 1.003694120406455
u:iuO0, 9eaf763f2e18226379e5dbfac1c50376, 1.5277359337286343
u:cpk2, 4e6eee1689a883a483fe26c82d14e8c9, 1.3382251270961816
u:iDkW, e7664931db39d9be2d8f6ecd2c0e004e, 2.822600138544206
u:illt, 797df85fa241f274d166630d082e6db3, 1.7320425639803287
u:gzqO, 44f26aab67fa8b66afc212eb483c6739, 3.7176530251565936
u:hD8p, 5ed55ec92cea6a460d958312209ea9f2, 1.7422364508676567
u:AvA, 7a09c4adc45ecc849dd917220c1306bf, 0.6151151027209437
u:ijPy, df596181b00bdb1ecec886e881e434a2, 4.24209379449045
u:indB, a3cf16fca592d0c4af6d44b6e3abb11b, 
u:fKC8, 4d2509dacbcc90cddac88cb840fc1dd3, 2.834169305804459
u:iEQa, 08dfcd4e6c86bb047be6dc84e77ed664, 2.997409078378139
u:hj_H, bd51ddeb540514b183c538b3a79cb7a4, 6.081068783278316
u:f-LA, 827a8ecb89f9b59ac5c29b620a5d3ed6, 
u:e_PW, b493941dee612f9cb734318c210ab257, 7.610643922664451
u:iUnK, 69939ce6f88c820dfcbeb8ebb1379023, 1.1416318681418143
u:ihWU, 3629ee563c2d56a4869e100a38014108, 2.5044065764406183
u:gT0, 651e525355a96d12b1789b8c544a7678, 5.34369765857209
u:iQI1, ee83763629a0d5a538c07e65bfd65593, 0.5127472958051429
u:hqtH, ede6ab035e42c5f5523c73f955f036ac, 4.37458714550677
u:hWKP, 22e3fc5f089cf47dae927dfddcce2844, 1.6690206646383843
u:e1PP, a6f949fa049279ad56980bfe6cf500f4, 2.1249366562399894
u:iT9p, d6e1fec0bdd8524c85b360010522b7ed, 2.786660113567083
u:eKp3, 5c7ea67876ecc95f79b3ceaf699cd7d2, 0.4869674961552226
u:hE1f, cdfecc9247566d40bb964a218c54c783, 
u:gW6o, 6d67c94cb5df94bae1d8f5f101db72a7, 4.0350597210052275
u:hE7b, bfb6c681b3a663e8586cb4b875e80ea2, 1.8002492890865507
u:igAg, 2b0972f94b2b020542e239219cc9f9ff, 4.701150203549956
u:iHcb, 631d297c324518ea97ac01fd2abd6e46, 3.0574180769686596
u:i6c4, c9fb923e49d5cba24b5afb9ee1cff2a9, 3.6176205777845114
u:gbKW, ba02d44835763e99e1835dc3cc75f60b, 0.4545998535432233
u:hi0D, 575d2821d7c3fa6d410c0eb2ea878f28, 2.5001013796003693
u:iaJS, 730b0cea8ba72488da248501583b0ea3, 4.648884387818592
u:hQkI, c042776c6e21db7522381dc8a022e74e, 0.631036068674305
u:hQnI, f21a429c717dd93b9f5723f20d87ab8a, 8.131765234145796
u:b5GM, 28be98309e892e45c6e4d705938fcf68, 
u:fTmH, dbb39d99d85992665a890faf9954eda2, 8.066409417392018
u:iPoJ, be2ec2c393a6049b9e1928af32c3cf08, 2.5671499171639027
u:iaVd, 25dcc7b3420a56110835a165f02513c9, 0.9441228130444754
u:fv5i, 65e5296142d056fd1403e95fb027f107, 5.489527234632537
u:iI4h, 79bc604cac932a2b9dd8df4ed021892d, 4.881501112488372
u:cLtR, 70330beaf1dc949ce6544eb1c30b757a, 
u:i6T6, cc86e49e66863d159c228a7216fc5c1b, 3.983781511630211
u:ibEl, 822ef52ef2cf0f095a65190d10958517, 2.1935699259621475
u:h6-i, 2b97dce464f0a69324ffd2955a7eff1f, 
u:i1T8, 390ca9c2868c14c5616c460e4f31762c, 5.1848640117178695
u:gDjX, 341c91dfabbda45c7323930090c25d52, 1.0078449077859317
u:iQv-, 8a983364dfa0384768234c9b8f843a6d, 3.134286912706
u:hm5q, 97e922f780d628eac638bea7a02bf496, 7.59866536806612
u:hKDH, 7da6a45fb9278755569c759bead84c4d, 2.695923753479892
u:m7y, 17bff849c2fb6654d3022b0cef3f5b64, 0.9088291767006652
u:crke, e16c578226476ae646530b6356f9b0ad, 4.361560147630163
u:h0dC, 367e6287caf3f06b3b9f0e2a1dd2ec5c, 2.284252247357953
u:hK_n, 8fd8a3eca8b85ed3418bff774389f1f2, 
u:iYgu, 2a5f9687f146bdb703ab03f7bedf2d3c, 1.7014323283117996
u:Arp, 22eab84cf4ccfcc9142cf1a5aeb1867f, 
u:iWDL, 7aa2228c30f03c74ba51ba58a7159782, 5.485440361432627
u:cRHd, 109cddf825db4d8e0d00d19b2c3cb1b3, 4.634224115817449
u:d255, c52ab45d4e22ee7580041911159e3c0c, 4.4113780270325496
u:iGSM, 81d3f527c32966c66d91396f06430cf8, 2.3477144817698794
u:i_gu, 967bfdb9d5180c33cfb21dca82034e85, 1.1165334648379315
u:gsXn, 4ab26c0dbe3d26747e4a00b228001ce0, 6.893067917687015
u:gRaS, 5187edd4b17d4b010cc27f94d1d82b47, 7.905406124939216
u:gL1x, a2f363f17e86b56e2d51f5c15c4b886b, 
u:isRl, 7dfd7086f3671685e2cf1c1da72796d7, 9.985953858339679
u:t3r, c1c9deb2ebe11a0ee05ba3f8aac5c17e, 2.8590046252929096
u:h-lv, 17bbece268a95c1fbf901788c16f43bf, 0.9015213658947517
u:Gi_, 1f9f7fe66104f572043d3dd534634334, 0.3292302763830031
u:i0ct, 827a8ecb89f9b59ac5c29b620a5d3ed6, 
u:fWfY, d7d669520d89eac36cf587ccae7681a8, 3.2188207273036165
u:jcxa, 5cd2980e6883c8c03e38cfd7405a681b, 3.385441591261584
u:hh5f, bce6c6ffece32f2c9553528a6d10d06c, 2.1037562109924304
u:ifM9, a94a938b71c9bd3352c0811cb5f94d72, 
u:iBWz, c7cdabd85f63506807f8d856897a2089, 2.6707035844777343
u:iutM, 605a1c36da2cf22706eaad95b0b7eeee, 4.1719836077699455
u:gVoj, dda027f2a23ac4b34effe710858ff724, 7.737321059542679
u:il05, b314eb04f77f9a6f277a4f6546d51287, 3.1075948873996895
u:iHxj, b1fa821800397fc725c5d29e1a950dfd, 2.030039488314365
u:iJv8, b968b069e4e2c04848e9f8924e34c031, 2.8091814181984134
u:fA4A, 6d6841b5a0ea88d87c2a7b6eee95ab48, 
u:i2Gu, 74b2ac77cf1b5c548dee1241dd3667b9, 2.808041612017644
u:JZo, f6961332f09e344a1aaf88703eb3096a, 5.175489175403912
u:i2Zo, 16f2acaffe30cb9a81f422674d398df4, 4.716179230896319
u:gH06, cf42e5d33bdbdfe5a870aa328bad5e22, 1.2849341316848313
u:gbiM, 7ca59979d0c746c63d39ab85db3ef306, 1.9898874985482615
u:h8Ta, b968b069e4e2c04848e9f8924e34c031, 0.7289026974781281
u:hgeK, 1e1f8d730c4ba99ad2873a7608324cf6, 3.1245937495445633
u:eKGD, bf1a0991fde06d4d50de759624aa28be, 
u:h1kX, 960198d7136e70bb8208ef567dc66743, 4.534492917769475
u:i_NH, 389d16a7713404bf18de999b57a54eae, 4.372678361099678
u:fhP_, 68f3511800709e4fdc798b2afcc227cd, 1.4049525519554664
u:B70, 300af9de3ca46c837e194f0f83ac3885, 5.48903603950192
u:iNPd, 6b945b144608aa4e5b254baf20e2be77, 2.1453059069078617
u:g7Z0, ff5d64dc9c3944ecc01653ca661888df, 5.06246670874113
u:icIp, 0e9f09196d4abc6a5ae82dd6d8772c95, 6.019572955990428
u:jarx, 7c5f7481bd058705944beb130edc5882, 2.381704789301083
u:e06F, 7ac56359d01420803f98c9c80ef266e8, 8.110931982224622
u:iJoh, 5fbb4578c6e08d3122b2321720d682d7, 1.3833507968570513
u:g1Y8, b43239f837356c525ca7d743d83fbf57, 2.733717365403941
u:fYfK, 4fdaa498ad844fc4c7adf7ddac542751, 2.7243535276405777
u:vHK, 6d6841b5a0ea88d87c2a7b6eee95ab48, 
u:dLU0, 827a8ecb89f9b59ac5c29b620a5d3ed6, 
u:fIOn, 8cb617be9fdd00afacece5e116621006, 4.151237728887205
u:h94D, b1d3c09c2fbf94a1bfa279ea186b9a12, 1.8221003193804406
u:gUxP, 56d40fb7b9c3644375aad62b1c725f2c, 2.6647197678883763
u:fv8Z, b493941dee612f9cb734318c210ab257, 2.7805883559348077
u:dDcp, b9c32895e281d9bb82c033e4cf0a078a, 6.508684035567596
u:jaPo, 14781b6bcfcfcaaf954edc771d25d8a4, 1.0410025597204406
u:h1_w, 7d5c9c888f97a47883c8c0065efd1cde, 5.379706187380094
u:d3Ha, 827a8ecb89f9b59ac5c29b620a5d3ed6, 
u:h0x5, fbe67675995a14ca58c2add83bfeb82e, 2.9567612811402624
u:iTBK, 726f389db907347cd76ced1015c337c1, 3.2909665835529482
u:iE3o, 59c0b5acd6bc34ced372852c86fff52b, 3.261211302090557
u:hvAy, f19bad09b7354d4cf02403544519d849, 2.4293102372114204
u:gWAz, dd7cbaa0be9b2284da42b71bb7c47c0d, 5.133629708259755
u:hPAC, 1cd97e3ca798b64b751e358fdb0b1030, 6.486441608911675
u:iJen, 3d69e78dafc9bb33f926626a63c580bb, 2.9384578624445723
u:hjl2, 68e328506cbc66fa56e2dc4328ba8789, 1.8065709592729737
u:dhxb, 7d481c3b4f96a3a05ab7795a82124d2e, 3.8342820722997475
u:ia1X, edc4b14bab3ceef1d638ad779721f984, 3.804573005127039
u:i1hC, 65e39bd07057893f74d8db10b367f7aa, 3.6579467342757397
u:eVRq, 66c11e49dde905787ba0b8c8b7f85115, 3.9973441228388142
u:i9OI, e83432c98b3619a933438e9300467491, 2.091053432686685
u:iEMF, 321a2b03427b8baa0f58c2dd0a22723c, 2.777833017823859
u:ts7, 55c1a67b846dfc181607afc72a8319d4, 3.459170939539181
u:iH0T, cdfecc9247566d40bb964a218c54c783, 7.127008633624872
u:gZbS, 2bf969e8c0ed26432ed5fe08e4eafaad, 3.772366503287561
u:dT6L, 8b938fbf0a8c2b5b6da9b7d61019fa2e, 0.9087113458704743
u:iN7K, 8b6401409f89715543edb1e0c707c162, 6.666957065794104
u:dc-r, 0cd82646c611fbd2bc0e6a0e9f2ad218, 5.348295595056629
u:ihu1, fc37775015029e1d39f073eda2852b82, 9.478551080023799
u:dz5r, 5481f195e13174e3487e4390cf6259f8, 2.8941742555984273
u:iHh3, 28de9c918b4093df7f88896e37213b27, 0.7567998976909169
u:dNOP, ec3bf0aff1f9c75a64d44ac1f13289f0, 6.289005817260809
u:ga2R, dd34978165d17f7e729a2ef331a7600d, 2.3380517773214504
u:gonq, 658242fffdcec0d483e6d846ead4506c, 1.6501451761813215
u:ixzY, e83432c98b3619a933438e9300467491, 3.4050928321521523
u:i6HR, 74b2ac77cf1b5c548dee1241dd3667b9, 1.07672435502109
u:Gl0, 134d40daf8d6dd001ffe2b3113868c93, 6.214856687375639
u:gzBd, dbfcff53f62c7064cd3af7e2838936f1, 5.122407741300601
u:EBK, 59102881589724d433351061c804d3cd, 
u:iNfs, fda174b61b0ed5e2eaa6deceae37f56b, 2.7740961429332347
u:hJnc, a6d1be753de87a9ad446c29d4dc217b5, 0.42951727934985207
u:hVVR, 3e9be7ef8bbcf40e1bb3ae3a443d989b, 6.69139054136229
u:itmc, a9d9e40ec966f6bf6a78080d8d1947ac, 1.9413654121955866
u:iJi4, 021ba9ac4658d331dba26050448b4f34, 4.659325469042881
u:eR70, e5eb6ee7cc4684582cd2bfb48ee8e23f, 2.836829585403313
u:bbEJ, 751870fa2768a6ee46e433d2b2852ce8, 1.1914029469359462
u:g8bA, 3381865bed47a3bd9fcfb725efe8ab5c, 9.016587281601014
u:dhJS, 50b13a1ad5b08a2839578f5ac0cc5b9f, 3.1208617734275923
u:i1Wg, 96e400fdbb0c09c224142b771abf2cbd, 2.713784644358805
u:hjsQ, f8fdb9076b95ddccaccdbad286b0b558, 2.627487869061205
u:SHz, 5b39549a1e9bedb73fa6ec8d57fdf05e, 1.8353542209920288
u:iRox, 3101845e143b1e9250ef997187a2c79a, 5.323624568663396
u:iphb, 81895adaf136a8e29a4e661724ccf9e8, 1.8331936745873716
u:jbPE, 12157a474f4722909b9a08dc004b8e2d, 5.096464614676831
u:iDVc, a9aad0b998c44a4f6ed4b9295084dd57, 2.654481932996732
u:heul, 928787744a962cd4ec55c1b22cedc913, 
u:q7T, b77ab67cbe0cd5b103bae870365329f6, 3.070377394895354
u:ijzh, 0b1edc026029c010555cfc22f54ee25f, 2.491598002006639
u:jazt, 958e352cb64f78feed5afb5b95657dbe, 4.565325840933872
u:bmrS, 165dc4d4b42c9d825cb913541fdd09a7, 1.698220657609475
u:i0zu, 6717aa032ad1b26e65cbbab25da5d308, 2.498412955449367
u:gGLM, 1bae0c85b056423560ddb9623f23773f, 
u:gys5, 37c2cf9dc926fcfb48440a4e4e6b6812, 
u:gQ51, 25dc66f6fbee40cf12aa94b1bc9398d1, 5.376835230151657
u:it3j, e4a6c5abe9f3911c324195b06bebc3c1, 0.9935463173196507
u:iigG, d7d669520d89eac36cf587ccae7681a8, 4.251710451402996
u:hNoI, b77ab67cbe0cd5b103bae870365329f6, 2.758021383461401
u:iS-i, ee83763629a0d5a538c07e65bfd65593, 3.0408308627738436
u:g6q0, f19bad09b7354d4cf02403544519d849, 0.8195761849796936
u:h6ET, 7504fc17a5a2fcc8b71c426f52eff5ff, 0.6558177243090738
u:K2o, 341c91dfabbda45c7323930090c25d52, 1.1530896225231437
u:hTNr, c3c416ec9a16d9ec6f7b96236c5b49e2, 3.5807998816376796
u:bP4a, 495f763ef6027e020c53431484aa5ede, 7.112217731100145
u:ibly, 928b0f7cd8a4786049c8736662197744, 4.614792902194861
u:dTXm, e09b138d58a98c83f120ffbc898ce818, 1.2870204052530416
u:gEfK, 7d4f55ded50c82e0ec73d889e3a9efd8, 2.3629573276489975
u:eAHV, 2199c2e34a246811ededdd765f1933ce, 3.0211616451012753
u:iOV-, c0a645ef0812cf50c9807987c45e2701, 1.2765787375682307
u:dkM1, bcec23e952412fc27085a6af6289f821, 5.113792230093306
u:gRKc, d0705eafec00822b93bf9cc9a9189bba, 1.7906283195041168
u:iAan, da95631a0adf347cb57054f2b49533f8, 2.1255031240973454
u:iI5g, 40bcbd8339eeae2ed5ee89caf5c517c5, 2.3143681925175903
u:hOCq, 841b06c7071b815dc0b23517ff200496, 
u:ilfl, bc77537cb121e6e22bd91949fbecc4c4, 3.741389497252365
u:fysM, 668a0288e4db47a03e78c8d660e2b7ad, 5.278644434451712
u:cO13, aa94db3b587c7027e8505c25f6fc8ed9, 3.2139299084332507
u:i_RS, a6834806c43ea1be9eb3e4fdae6f98db, 1.4589484815086642
u:i9U9, d78b69f130faff0f7a51d4d2266c4b7a, 4.259017347556847
u:gFz, 0f4f9c3846cfb1c25afb44d5e46642b8, 2.6920888056419043
u:in8N, cb9b44daeb2fd896731bcdef127db8c3, 1.6051840179589556
u:iN1x, 389d16a7713404bf18de999b57a54eae, 5.401782139624171
u:gQIt, 0675fd378e3251994addd1184a560eec, 1.9773002733591634
u:hyay, 107cc07081fadc4035141c3bb5f43d88, 3.737947715564234
u:fB_6, a18e94e6d95abfb6d23e941ef0132505, 0.7619927852862373
u:iCJC, 87c450efea56f8f35f5ca4e48906a192, 1.147262482087402
u:iSSZ, fda174b61b0ed5e2eaa6deceae37f56b, 6.530402099387376
u:hMxZ, 61c2f4dd9c024c9d99910ba2b04590b1, 3.93554870408571
u:cBSq, 2c370f156deb55e34cde0fe1f51f826a, 3.0980601504169485
u:hT5w, 06285f8d7cb2f4bfb718799477942b99, 2.2480345402343667
u:h6rG, 97e922f780d628eac638bea7a02bf496, 3.603606783423289
u:iTuf, eac0a6e012ae1793120d137c1d0b6596, 1.9110781506892924
u:ircY, d64b11ab44cc6fa1b32ce3d4998bd5af, 0.7971921897757562
u:h07V, ef1f94c0e977e97bd02772867e9110f1, 3.0636092336613774
u:iKNE, 7dc4a803d5fc1c35fd2f12269b54e908, 4.208954724236251
u:hzaA, 15f962d0625bff96e695a60fba7e2721, 6.217074589919574
u:iS0V, 1f52d650da1ee41e47ee11caf853e6f4, 4.226727615389554
u:eS3F, 8d14467f25ee2fe7f87946abc1fb3df6, 4.630844681772009
u:hEDB, 7e91b175e5c1142d358e5fb91281a448, 
u:gaQx, f3c7297e32f4bf16d315ea5982e950c2, 4.800914070444917
u:h4cW, 306fcf04f2bb44ed74798ae3007a3f60, 1.8419761441624183
u:drL1, 791999e58f17fdd40d6ee18425a8d25f, 4.634812031766705
u:iFVr, 65e39bd07057893f74d8db10b367f7aa, 2.4322994339393107
u:ivYW, 48f7b9ca4acd0a19ac0ff5ccd8cbd65a, 3.2628763659013558
u:fruF, a40346b97944ca3665966b2f7c716089, 2.137312779926833
u:iTMj, 9cbe4ff448a888bb327e212e6bb89b72, 2.895267017836631
u:igFE, 8e6df998cc5c26b86482a3040a5805e2, 8.472012143093009
u:d10z, 16849f7c84450e13d864046c2c8e0640, 4.37465005526694
u:eigx, 33edaaffdad5491d67ed5ade87394b40, 5.904380863353675
u:hFbX, f00cd5d54171096208a6a1e13ab02ab9, 1.5635437253532058
u:fCXF, ab94aae2b451eece63b55c712145ad61, 2.4702425571610185
u:eEKV, 08dfcd4e6c86bb047be6dc84e77ed664, 1.5763401924754428
u:hvGp, fae0c7ea7a27e80f43b341f52bfc3cd1, 1.916692145793235
u:hxJr, de64b0a3bb8cb9360e85a1a87d8c3c44, 4.380959421784935
u:h579, 2199c2e34a246811ededdd765f1933ce, 1.5402147537476232
u:iSK5, ee83763629a0d5a538c07e65bfd65593, 2.819007937777624
u:iL9x, e16c578226476ae646530b6356f9b0ad, 5.130107811989514
u:fihM, db39f8fc3c7ad9cfbdd37439fdf83168, 4.29547882512923
u:hJAc, bb7ca1ff45b2ac26c875c4e764b48935, 2.4873297433713963
u:iQfE, 4556e51486a9c3283d4863a13b326f48, 1.4295276907673649
u:fowg, ca886bc339ea78c58abea6250665ad49, 1.1209063220824942
u:g_co, 7daf4f95633cad04d50425db7cbc6326, 4.570867357981661
u:cYPO, 958e352cb64f78feed5afb5b95657dbe, 2.0327478925806393
u:iJS4, 22e3fc5f089cf47dae927dfddcce2844, 1.644543109846514
u:iXoo, 653d29704b56b4a27be6b89f0a64453e, 1.5258579530169445
u:hY0p, 25872fc2e77acd9d05a1f1281e4b88ee, 9.274267034824403
u:f3QQ, 11a42adad4515ac47c5e4708d1c26bb7, 
u:gTxg, 75ca7cee2c7d8e7f51480e17139ad0f3, 2.2357605567559267
u:hKDr, 4a441926f8eaa322e2b9949a40b94ccf, 5.98956037717763
u:fddg, 928787744a962cd4ec55c1b22cedc913, 
u:hSTd, 92545dc760008a4cdb29e841e6121952, 3.982591027481479
u:ispC, f644e2ba492883cb5808c939c51c909a, 0.3730903575873759
u:eS3F, 861e17979b07a89a4eb23a81c0d29ed6, 3.0928372884950086
u:h3R5, 6f9902a2e4d1f353aecc47843c9df6e7, 3.6086605475136295
u:gmjw, cfd0209136e56af5674beb77f8d26755, 3.3928833362125883
u:dXsb, 2d7715db3b4a525d703dee6e80e38c6a, 2.5501806590060436
u:iOek, a52bc2771bde31d4d5e80bd29f350714, 1.1489969185151352
u:hPeK, 8eb7f75896f6990366d6c8876c0b1987, 3.5008753846942198
u:i2oP, 6467457ef675ada64c360e7d17642aaf, 6.909780647185201
u:fJPW, e2b48e264e46d96e88977bbdebbe9432, 4.217625792147926
u:dZdP, 3ab110813111153c812b0413194ff50c, 1.8388434991305607
u:hn4W, 145db07b1be00fbaee544744c67a4701, 
u:eoxa, bc2f9e0970ba02e471db084eff55b5cd, 1.3971482726657007
u:iKte, b314eb04f77f9a6f277a4f6546d51287, 3.5168840764084766
u:hZjU, 460557b60caed60924e0191342faced6, 2.938509916363384
u:i7hP, 5fa72aeafbde5b346681886abbabf3f3, 4.36198634067366
u:i_HJ, 958e352cb64f78feed5afb5b95657dbe, 2.0159305073955247
u:uGl, 87c450efea56f8f35f5ca4e48906a192, 5.900855924023768
u:f7mV, cfb86260a1c58618c1741a5e3caa316b, 3.368313504240813
u:iq61, 6b1758597a104fab874420e950bfbad3, 3.1132235183718535
u:c699, 1f52d650da1ee41e47ee11caf853e6f4, 3.1318733471205
u:iNYD, 8eec7a2d53c083e7657ad6d2083e0ad8, 5.210073864206503
u:hWs1, 3afc6d812aa6ea3a4220d10f86a705c9, 7.499121469356603
u:iGfo, faa6fd18132b358958e440322ee82b4b, 5.082056660547495
u:iPEw, b974624f112084b39586380fe4aaf32a, 6.259337361572204
u:gjya, f060918652df299a3aae400cca597b5d, 4.580097082441482
u:gi52, 0e3303d571a42799644a2369e5117735, 2.521895102546514
u:iQPD, 65e39bd07057893f74d8db10b367f7aa, 1.532711284062021
u:fU6Y, 1972b3570ac0b8b2689ba27bef76e819, 2.4965988843149867
u:ii5P, 0d9244f805fd55af1281a1bcb1a2cba6, 
u:iG5V, 4406f1c64403562eb84df43d2aff4a4a, 
u:hgoF, cc996312cd47e305f8b9058d3afc958c, 6.358434925200874
u:h8Np, 547bb1812414cec172b0afef5ca93fce, 1.0832772425008061
u:ibSO, f0afde011fdbd05f904638cd2776d722, 1.6138419656491716
u:i1lE, d08cf940a72a6e1df3a6ae6bbd9f100f, 3.652867143445282
u:iMMm, c89df1e3370573e88df637fe3eedc15d, 1.3221310098208214
u:hn-Y, 9cfb037fb5bf9051645e9c7d5d336c73, 3.5305214542014847
u:daD7, 33fead6e037d756872320b88174166d3, 2.8437420529218773
u:iRk3, 23b995a641775627bb73d7959c8cb54e, 0.2313028035868058
u:bKWi, 84d1525ced1b7226ebdae73da9269b25, 2.6891874118800896
u:hnn8, c3c416ec9a16d9ec6f7b96236c5b49e2, 5.324916670677103
u:hAfh, 61cb6ea259584128835bd14edd8d6de3, 1.0598895362532703
u:hgy_, 0bd5d9cd7baaaf384b5344e27d15cecd, 1.7404267570447056
u:giew, 54ed4cf41cbbae2ce97ddda174b5be84, 2.522816309369025
u:hJTA, 2b28e6b398b36d4f7f6ef0b7da31fd5c, 7.354024727258752
u:hm9G, 7c428c5a2e91c43a7cba5d11fb7d7c87, 6.972083008172291
u:sR0, cf1858f99b3f31b59ecc1020e3dbc9b7, 3.878011510058214
u:fOCs, cea25080ac57e5c12f7e0676f70a54df, 5.473084887836255
u:g6Bl, 0d9244f805fd55af1281a1bcb1a2cba6, 2.3639226883743873
u:il0k, 8e6df998cc5c26b86482a3040a5805e2, 5.423065999092952
u:d4OR, 0fadc49b26181061ec3c810ad3002f6b, 
u:iKFT, 4b3df2ebedd7644b3150c27e42487633, 5.3946739594704365
u:iwT7, 8f39c1217e8e40a60baac6a5a5a1348a, 3.667045128187742
u:g5V3, 16f2acaffe30cb9a81f422674d398df4, 3.5798075181709437
u:jap2, 60ca04f13f84bd807301e4407f7b6f18, 6.085627857221397
u:iJVS, 20dde14c9907e353804d0de13f198543, 4.08381967370372
u:hooI, f0f2727a8c1b436349fa2f07bc698945, 2.875092538946512
u:ioE6, f3996a785b8d9fe04c44850c79a0a337, 5.333511159633977
u:h_Li, 3e799dfe21b2ef7136996b40826a00b4, 1.507395911231733
u:cIG9, 6cccf8c1e2cf55255a1c30cda9da9cef, 2.5433038510264128
u:gJYQ, 575d2821d7c3fa6d410c0eb2ea878f28, 1.9791824926973667
u:g2ih, a6f949fa049279ad56980bfe6cf500f4, 4.408402579850687
u:hFKf, a89c81adea41dab4e9587bb884e2f3d3, 2.7372107985812506
u:fcwJ, 1fc2f0656f2fe60d027751545f84e7d5, 4.290590401605229
u:il-I, 7bd184d1bb2f5efeecdf412f54026cea, 2.035579915325841
u:e1-4, cf27a39ca3fcc861581ba158307d9b1a, 4.919719992996023
u:i53t, bae1d9927dc8b6f7b0d0a85263d4b74f, 4.792164670495948
u:bgm, 03aaf61ae9dca70070214f3c390ebd7e, 
u:iBxe, 97e922f780d628eac638bea7a02bf496, 7.90458300797639
u:g_OL, 5fc16736d9679de18b8293507d707bb1, 4.606281223896005
u:dZX8, 9c2869c9ee9e46c450ad325ba3048261, 1.5663505054170956
u:e8mn, 3c3ef61b68615d9b1fd2d24e6f18fba8, 3.9466642359524102
